Nanda Sisdianto,Staff Kasi Pelayanan,https://firebasestorage.googleapis.com/v0/b/web-sukolilo.appspot.com/o/struktur_profil_image%2F1.Nanda%20sisdianto_Staff%20desa.webp?alt=media&token=1d5dea8c-b7b5-4d51-89d7-c575acf06c1b
Saeful Bahri S. M,Kaur Perencanaan,https://firebasestorage.googleapis.com/v0/b/web-sukolilo.appspot.com/o/struktur_profil_image%2F4.Saeful%20Bahri_kaur%20perencanaan.webp?alt=media&token=1536dc67-f377-42a2-a3f9-f1818eac0c03
Rohmatullah,Kasi Kesejahteraan,https://firebasestorage.googleapis.com/v0/b/web-sukolilo.appspot.com/o/struktur_profil_image%2F10.Rohmadtullah_kasi%20kesra.webp?alt=media&token=377b00e8-d3a8-4f31-90c5-4e8dd11160b7
Mochammad Rukin,Kasi Pelayanan,https://firebasestorage.googleapis.com/v0/b/web-sukolilo.appspot.com/o/struktur_profil_image%2F7.Mochamad%20Rukin_kasi%20pelayanan.webp?alt=media&token=b153bce5-3079-4f98-ba8d-680bb2e584b2
Joni Arifin,Kepala Desa,https://firebasestorage.googleapis.com/v0/b/web-sukolilo.appspot.com/o/struktur_profil_image%2F2.Joni%20Arifin_Kepala%20desa.webp?alt=media&token=e284a5dc-7e16-4cae-b516-5b48a9f74902
Azhar Maulidi,Sekretaris Desa,https://firebasestorage.googleapis.com/v0/b/web-sukolilo.appspot.com/o/struktur_profil_image%2F14.Azhar%20Maulidi_Sekretaris%20desa.webp?alt=media&token=8836e481-e100-45fe-be1b-32973d0bd221
Mila Indah Suryani,Kaur Keuangan,https://firebasestorage.googleapis.com/v0/b/web-sukolilo.appspot.com/o/struktur_profil_image%2F9.Mila%20Indah%20Suryani_kaur%20keuangan.webp?alt=media&token=d54b1337-098e-43dc-a250-32b4dae9c2d6
Farida Ariani,Kaur Tata Usaha dan Umum,https://firebasestorage.googleapis.com/v0/b/web-sukolilo.appspot.com/o/struktur_profil_image%2F3.Farida%20Ariani_Kaur%20tata%20usaha%20%26%20umum.webp?alt=media&token=4c9a8e38-1728-4d63-87b5-8608d0dbb42d
Dina Nurika,"Staff Kasi Kesejahteraan
Operator Desa",https://firebasestorage.googleapis.com/v0/b/web-sukolilo.appspot.com/o/struktur_profil_image%2F5.Dina%20Nurika_operator%20desa.webp?alt=media&token=1948f3f1-5eba-4ceb-b4e2-827dc66969ef
Kholip,Kepala Dusun Napel,https://firebasestorage.googleapis.com/v0/b/web-sukolilo.appspot.com/o/struktur_profil_image%2F8.Kholip%20(kepala%20dusun%20napel).webp?alt=media&token=11cabe90-6754-4c2e-8d97-57549ce3138c
Moh. Kholil,Kepala Dusun Pohkecik,https://firebasestorage.googleapis.com/v0/b/web-sukolilo.appspot.com/o/struktur_profil_image%2F13.Moh.Kholil%20(kepala%20dusun%20pohkecik).webp?alt=media&token=35894572-8694-48c4-b314-caf21eb5bd8f
Poniri,Kepala Dusun Patuk Krajan,https://firebasestorage.googleapis.com/v0/b/web-sukolilo.appspot.com/o/struktur_profil_image%2F11.Poniri%20(kepala%20dusun%20patuk%20krajan).webp?alt=media&token=bf1792f0-87ea-4b69-81d0-e00881d9f0d8
Moh. Saleh,Kepala Dusun Patuk Baran,https://firebasestorage.googleapis.com/v0/b/web-sukolilo.appspot.com/o/struktur_profil_image%2F12.M.Soleh%20(kepala%20dusun%20patuk%20baran).webp?alt=media&token=48967ea8-ad90-4fc2-ac96-c12055ad24f2
